ESV,N_obs,N_obs_nonzero,maxloglikelihoodgamma,maxloglikelihoodinflatedgamma,maxlikelihoodinflatedgamma-0.012345679012345678,maxlikelihoodinflatedgamma-0.024390243902439022,maxlikelihoodinflatedgamma-0.11111111111111112,maxlikelihoodinflatedgamma-0.2,maxlikelihoodinflatedgamma-0.2727272727272727,maxlikelihoodinflatedgamma-0.4285714285714286,maxlikelihoodinflatedgamma-0.6363636363636362,maxlikelihoodinflatedgamma-0.7333333333333334,maxlikelihoodinflatedgamma-0.7894736842105263,maxlikelihoodinflatedgamma-0.8461538461538461,maxlikelihoodinflatedgamma-0.8857142857142858,maxlikelihoodinflatedgamma-0.9344262295081966,maxlikelihoodinflatedgamma-0.9574468085106382,maxlikelihoodinflatedgamma-0.9803921568627452
GCAAGCGTTAATCGGAATTACTGGGCGTAAAGCGCGCGTAGGTGGTTTGTTAAGTTGGATGTGAAAGCCCCGGGCTCAACCTGGGAACTGCATCCAAAACTGGCAAGCTAGAGTACGGTAGAGGGTGGTGGAATTTCCTGTGTAGCGGTGAAATGCGTAGATATAGGAAGGAACACCAGTGGCGAAGGCGACCACCTGGACTGATACTGACACTGAGGTGCGAAAGCGTGGGG,92,74,-786.6923950437711,-793.0027330060448,-792.7430554547236,-792.9468940366813,-792.496403581605,-792.3546448120845,-792.1702547126349,-792.2288338715006,-792.4592374329626,-793.5103299913613,-793.2911912731994,-794.2884860068777,-794.7304450589546,-795.5251121703357,-822.3562861619511,-873.7105305263326
GCAAGCGTTAATCGGAATTACTGGGCGTAAAGCGCGCGTAGGTGGTTCGTTAAGTTGGATGTGAAATCCCCGGGCTCAACCTGGGAACTGCATCCAAAACTGGCGAGCTAGAGTAGGGCAGAGGGTGGTGGAATTTCCTGTGTAGCGGTGAAATGCGTAGATATAGGAAGGAACACCAGTGGCGAAGGCGACCACCTGGGCTCATACTGACACTGAGGTGCGAAAGCGTGGGG,92,62,-589.9435750390347,-596.1219372319742,-595.0277840994348,-595.0479420512135,-595.1354211404171,-595.4488634064973,-595.2504205111892,-596.351614743405,-598.4599411282471,-598.2667174367133,-599.3924145597591,-601.2410455025789,-602.8357130620022,-607.8788170778431,-606.2505448355828,-659.0531655875284
GCAAGCGTTAATCGGAATTACTGGGCGTAAAGCGCGCGTAGGTGGTTCGTTAAGTTGGATGTGAAAGCCCCGGGCTCAACCTGGGAACTGCATTCAAAACTGTCGAGCTAGAGTATGGTAGAGGGTGGTGGAATTTCCTGTGTAGCGGTGAAATGCGTAGATATAGGAAGGAACACCAGTGGCGAAGGCGACCACCTGGACTGATACTGACACTGAGGTGCGAAAGCGTGGGG,92,16,-198.3770194318658,-202.10948940876483,-201.09559177613207,-201.1401641090388,-201.23129746665495,-201.28151994389304,-201.57537971156287,-201.83078948556172,-202.8447632479391,-203.76520616354276,-203.7998734295335,-205.9515156875845,-206.94541818836674,-209.511034846932,-210.71656944676428,-218.41643591864133
GCGAGCGTTAATCGGAATTACTGGGCGTAAAGCGTGCGCAGGCGGTTATGTAAGACAGATGTGAAATCCCCGGGCTCAACCTGGGAACTGCATTTGTGACTGCATGGCTAGAGTACGGTAGAGGGGGATGGAATTCCGCGTGTAGCAGTGAAATGCGTAGATATGCGGAGGAACACCGATGGCGAAGGCAATCCCCTGGACCTGTACTGACGCTCATGCACGAAAGCGTGGGG,92,74,-725.7135334831953,-732.5240651424531,-731.5847970274547,-731.6596757939249,-731.880147801539,-732.0944534563595,-731.7232277923989,-731.7278599897621,-732.8945424677353,-734.1352445896138,-734.2323833045843,-735.2340727990065,-735.6147778481205,-746.8720339725679,-759.6668566000544,-790.2787519735123
GCAAGCGTTACTCGGAATTACTGGGCGTAAAGCGTGCGTAGGTGGTTGTTTAAGTCTGTTGTGAAAGCCCTGGGCTCAACCTGGGAACTGCAGTGGAAACTGGACGACTAGAGTGTGGTAGAGGGTAGCGGAATTCCTGGTGTAGCAGTGAAATGCGTAGAGATCAGGAGGAACATCCATGGCGAAGGCAGCTACCTGGACCAACACTGACACTGAGGCACGAAAGCGTGGGG,92,70,-626.1025379032177,-656.8634706088967,-695.4023150490816,-669.5205139499154,-657.778681952064,-657.8313739087902,-657.4432458166522,-656.1561307024255,-655.9868658581075,-655.9396569136852,-656.0867754781868,-656.6090804816047,-656.5045797956182,-657.6637042996446,-657.872551830643,-691.5864305482227
GCAAGCGTTAATCGGAATTACTGGGCGTAAAGCGTGCGCAGGCGGTTTTGTAAGACAGTGGTGAAATCCCCGGGCTCAACCTGGGAACTGCCATTGTGACTGCAAGGCTAGAGTGCGGCAGAGGGGGATGGAATTCCGCGTGTAGCAGTGAAATGCGTAGATATGCGGAGGAACACCGATGGCGAAGGCAATCCCCTGGGCCTGCACTGACGCTCATGCACGAAAGCGTGGGG,92,31,-313.14832857523476,-320.8081112384018,-319.74784163380616,-319.7639912415577,-319.8733352643319,-319.8750909729961,-319.8559446184175,-322.16117566127616,-322.65794214518235,-323.3175064830421,-323.5488862515364,-324.5036242286741,-326.03623436980934,-330.9542162457377,-331.19824188033874,-339.4419940816491
GCAAGCGTTAATCGGAATTACTGGGCGTAAAGCGTGCGCAGGCGGTTCGGAAAGAAAGATGTGAAATCCCAGAGCTTAACTTTGGAACTGCATTTTTAACTACCGGGCTAGAGTGTGTCAGAGGGAGGTGGAATTCCGCGTGTAGCAGTGAAATGCGTAGATATGCGGAGGAACACCGATGGCGAAGGCAGCCTCCTGGGATAACACTGACGCTCATGCACGAAAGCGTGGGG,92,12,-136.56495996212954,-140.9259217564371,-139.95459417749333,-139.97987515194347,-140.08831327753705,-140.2022907262828,-140.3117332663395,-140.6974068133893,-141.42490287288632,-141.8514635408518,-142.64264446563237,-143.3272095831877,-144.54461164594576,-146.773666057402,-147.14815317978938,-153.14576985623006
GCAAGCGTTAATCGGAATTACTGGGCGTAAAGCGCGCGTAGGTGGTTTGTTAAGTTGGATGTGAAATCCCCGGGCTCAACCTGGGAACTGCATTCAAAACTGACTGACTAGAGTATGGTAGAGGGTGGTGGAATTTCCTGTGTAGCGGTGAAATGCGTAGATATAGGAAGGAACACCAGTGGCGAAGGCGACCACCTGGACTGATACTGACACTGAGGTGCGAAAGCGTGGGG,92,12,-142.45220774194442,-145.5769539645155,-144.5529184132028,-144.6200861952292,-144.63965164948883,-144.87413625513844,-144.95727163129297,-145.42147753201584,-146.36868748221377,-146.83537538063834,-147.25504361226703,-149.13165846721958,-148.38888444370426,-154.04766099539196,-154.10203466414566,-156.832614502277
GCAAGCGTTGTCCGGAATTACTGGGCGTAAAGAGTTCGTAGGCGGTTTGTCGCGTCGTTTGTGAAAACCAGCAGCTCAACTGCTGGCTTGCAGGCGATACGGGCAGACTTGAGTACTGCAGGGGAGACTGGAATTCCTGGTGTAGCGGTGAAATGCGCAGATATCAGGAGGAACACCGGTGGCGAAGGCGGGTCTCTGGGCAGTAACTGACGCTGAGGAACGAAAGCGTGGGT,92,14,-136.05474198684718,-139.7903685255703,-138.88093913610834,-138.84535667979517,-138.97189140800722,-139.06243463004736,-139.19597611298846,-139.27741734836692,-140.16427990746183,-140.65318893546495,-145.615735652036,-145.323803058022,-145.25524404293182,-145.66615599327847,-147.8987583998525,-151.05073139788848
GCAAGCGTTAATCGGAATTACTGGGCGTAAAGCGCGCGTAGGTGGTTCGTTAAGTTGGATGTGAAAGCCCCGGGCTCAACCTGGGAACTGCATTCAAAACTGACGAGCTAGAGTATGGTAGAGGGTGGTGGAATTTCCTGTGTAGCGGTGAAATGCGTAGATATAGGAAGGAACACCAGTGGCGAAGGCGACCACCTGGACTGATACTGACACTGAGGTGCGAAAGCGTGGGG,92,12,-136.7401570683322,-140.00160456083603,-139.04406518226136,-139.0242957179152,-139.1263195900768,-139.19516521228363,-139.5265572960657,-139.76106597164525,-140.24388552270383,-141.3576047311328,-142.4777868268122,-143.3079596738077,-142.9198714473596,-147.46222499121126,-149.51643738566528,-151.44032379485506
GCAAGCGTTAATCGGAATTACTGGGCGTAAAGCGTGCGCAGGCGGTTATGTAAGACAGAGGTGAAATCCCCGGGCTCAACCTGGGAACGGCCTTTGTGACTGCATAGCTAGAGTACGGTAGAGGGGGATGGAATTCCGCGTGTAGCAGTGAAATGCGTAGATATGCGGAGGAACACCGATGGCGAAGGCAATCCCCTGGACCTGTACTGACGCTCATGCACGAAAGCGTGGGG,92,11,-128.73169981006524,-138.16010417027442,-137.70114653289022,-137.69970976560742,-137.7218909219496,-137.8145920974602,-137.51994140940175,-137.73563105746416,-138.0146169071041,-137.83812759896034,-138.29253459052325,-138.69027391099326,-139.60114993116957,-140.05466267466326,-141.15572807255407,-143.17174284322166